{
  "clean": {
    "dice": 0.06451140730033,
    "hd95": 186.38627918647853,
    "boundary_dice": 0.010826955688987172
  },
  "noise": {
    "dice": 0.06413320411742197,
    "hd95": 186.44554004713748,
    "boundary_dice": 0.010710694768961956
  },
  "motion": {
    "dice": 0.047086959056591604,
    "hd95": 186.9766509038571,
    "boundary_dice": 0.00779667251586549
  },
  "bias": {
    "dice": 0.06295000041527243,
    "hd95": 187.75065964547701,
    "boundary_dice": 0.01099282899436277
  },
  "slice_dropout": {
    "dice": 0.049211755273411706,
    "hd95": 187.76005409003406,
    "boundary_dice": 0.009580175332636998
  }
}